TIME,SUSCEPTIBLE,INFECTED,REMOVED
0.0,1990,10,0
0.05039856374468766,1989,11,0
0.24855726415368526,1989,10,1
0.30771612676882754,1988,11,1
0.5959155852778795,1988,10,2
0.7175875958879541,1987,11,2
0.770314353231268,1986,12,2
0.7892981849330066,1986,11,3
0.8062677941833545,1985,12,3
0.8967091164852776,1984,13,3
1.0018968212040291,1983,14,3
1.0645472132471614,1982,15,3
1.104819271620691,1981,16,3
1.1374533544900152,1980,17,3
1.2658336184680634,1980,16,4
1.627107790415366,1980,15,5
1.6307700935813478,1980,14,6
1.6784524179231493,1979,15,6
1.891515042230174,1978,16,6
1.8952519992275887,1977,17,6
1.996728639261104,1976,18,6
2.0708567761904866,1975,19,6
2.0899150857627267,1975,18,7
2.140172123772519,1974,19,7
2.14033876718171,1973,20,7
2.1703694000520635,1973,19,8
2.214784827227671,1973,18,9
2.2807488828918263,1972,19,9
2.559761664843806,1971,20,9
2.6502347750530793,1970,21,9
2.689508823290501,1970,20,10
2.6924804079554625,1969,21,10
2.7273076813965744,1968,22,10
2.834070056150617,1968,21,11
2.850068714111369,1967,22,11
2.8508438160741556,1966,23,11
2.922062359764336,1965,24,11
2.972923477557534,1964,25,11
2.987993541600984,1963,26,11
3.0469313105888896,1963,25,12
3.0928436090921725,1962,26,12
3.163557364638077,1962,25,13
3.2358572254914537,1962,24,14
3.309050070196058,1961,25,14
3.3488257830308426,1960,26,14
3.457196770109637,1959,27,14
3.458006261671391,1958,28,14
3.546484211498302,1957,29,14
3.6643526602747256,1956,30,14
3.7001207506413865,1956,29,15
3.7059341468882754,1955,30,15
3.7215622608405163,1954,31,15
3.753174848453705,1953,32,15
3.7908892423402714,1953,31,16
3.8337141887700517,1953,30,17
3.981317582604595,1952,31,17
3.9968863064103206,1951,32,17
4.015011811745991,1950,33,17
4.015347565114256,1950,32,18
4.088626639257007,1949,33,18
4.162937438873983,1948,34,18
4.178737641869334,1948,33,19
4.216457971782332,1947,34,19
4.256850270290023,1947,33,20
4.265922921674007,1946,34,20
4.271547181055386,1946,33,21
4.27174667480828,1946,32,22
4.368933300536565,1945,33,22
4.383212781388812,1944,34,22
4.392937611623045,1943,35,22
4.405277689284615,1942,36,22
4.515794477265325,1942,35,23
4.55898144416787,1942,34,24
4.593238639108737,1942,33,25
4.6274575456747975,1942,32,26
4.6464101743082855,1941,33,26
4.991898514816504,1940,34,26
4.992293717701587,1939,35,26
4.999046322863931,1938,36,26
5.10271867091049,1937,37,26
5.177765861042972,1937,36,27
5.179188289812033,1937,35,28
5.18843227098285,1937,34,29
5.224576207688696,1937,33,30
5.226993647171247,1936,34,30
5.281825862057996,1936,33,31
5.40186148805031,1935,34,31
5.461810326540551,1934,35,31
5.595075218450981,1933,36,31
5.605807382741425,1932,37,31
5.625412788731081,1932,36,32
5.69259626141993,1931,37,32
5.749083325218926,1930,38,32
5.793514304796549,1929,39,32
5.856004287284027,1929,38,33
5.869419609283838,1928,39,33
5.8944683426962765,1928,38,34
5.897801537938574,1928,37,35
6.094589577760337,1927,38,35
6.095573443330932,1927,37,36
6.101719501060625,1926,38,36
6.13596746231862,1925,39,36
6.214604696671383,1924,40,36
6.232267266398322,1924,39,37
6.387906986159864,1923,40,37
6.418757923884958,1922,41,37
6.422409756348269,1921,42,37
6.4269399396693645,1921,41,38
6.427519394057302,1921,40,39
6.434283692136547,1921,39,40
6.458795769974116,1920,40,40
6.472046341064456,1919,41,40
6.5319434568278085,1919,40,41
6.607648603004403,1918,41,41
6.676736363523118,1917,42,41
6.687701678010035,1917,41,42
6.803115996998697,1917,40,43
6.840669964799188,1917,39,44
6.8986644426447645,1916,40,44
6.9128387670001334,1916,39,45
7.086412287037782,1916,38,46
7.100279001438327,1915,39,46
7.134611370668532,1914,40,46
7.139978264693905,1913,41,46
7.171550386794017,1912,42,46
7.192613740387161,1912,41,47
7.202617159896908,1912,40,48
7.206541093827576,1912,39,49
7.229987978693591,1911,40,49
7.259725963210578,1910,41,49
7.291573537150509,1910,40,50
7.302817510383784,1910,39,51
7.305748915848857,1909,40,51
7.355233568292286,1909,39,52
7.385514271312948,1908,40,52
7.390644591552117,1907,41,52
7.422561810191966,1906,42,52
7.446833967726175,1905,43,52
7.452530099465304,1905,42,53
7.461140296269882,1904,43,53
7.514059993575366,1903,44,53
7.543985786171141,1902,45,53
7.713518615815558,1901,46,53
7.747660441847401,1900,47,53
7.8382905024033045,1899,48,53
7.864318371451325,1899,47,54
7.902677587135387,1899,46,55
7.9035920466802905,1898,47,55
7.942558456089937,1898,46,56
7.991130070818187,1897,47,56
7.994479679090821,1897,46,57
8.02240801274089,1896,47,57
8.028447015840554,1895,48,57
8.05376053992168,1895,47,58
8.06956418104351,1894,48,58
8.125990166654146,1894,47,59
8.127769242339076,1893,48,59
8.127917997654649,1893,47,60
8.236467650664412,1892,48,60
8.291054814014302,1892,47,61
8.305053696726073,1891,48,61
8.342637023146384,1890,49,61
8.430342317850924,1890,48,62
8.435459828612814,1889,49,62
8.438867477262972,1888,50,62
8.46133091295457,1888,49,63
8.468407478067599,1887,50,63
8.486122178132891,1887,49,64
8.49445189666826,1886,50,64
8.521607261045075,1886,49,65
8.56797383931014,1885,50,65
8.581197709600875,1884,51,65
8.582265248960182,1883,52,65
8.595229012345941,1883,51,66
8.638253426947204,1883,50,67
8.67345148556367,1883,49,68
8.79660687307095,1882,50,68
8.871229148201715,1881,51,68
8.909625216751728,1881,50,69
8.914689471040276,1880,51,69
8.979416060829774,1879,52,69
8.998956983087488,1879,51,70
9.000600198923108,1878,52,70
9.004607578790452,1877,53,70
9.116776593430592,1877,52,71
9.128780660718537,1876,53,71
9.13394472516999,1875,54,71
9.172320617893304,1874,55,71
9.222291912432155,1874,54,72
9.273573009784167,1874,53,73
9.286598294262584,1873,54,73
9.306078833374542,1872,55,73
9.413132390501728,1871,56,73
9.459723355872915,1871,55,74
9.498319763538111,1871,54,75
9.546640894311816,1871,53,76
9.59589154208755,1871,52,77
9.648358886517059,1871,51,78
9.652475534093,1870,52,78
9.65296291636153,1869,53,78
9.722462846650505,1868,54,78
9.731767735858512,1867,55,78
9.746739186223635,1866,56,78
9.764794202232691,1865,57,78
9.769944908928096,1864,58,78
9.806925481893982,1864,57,79
9.851047151339804,1864,56,80
9.891971214706293,1863,57,80
9.936717076853112,1863,56,81
9.967960166502696,1862,57,81
10.011092132332962,1862,56,82
10.015882380080017,1861,57,82
10.045528632786391,1860,58,82
10.054462713640959,1859,59,82
10.096931048289546,1858,60,82
10.102719940463595,1858,59,83
10.154870537850584,1857,60,83
10.16221322827109,1856,61,83
10.167052326708834,1855,62,83
10.178784995715906,1854,63,83
10.180944213395774,1854,62,84
10.200711341573422,1853,63,84
10.216156305272836,1852,64,84
10.223985324161559,1851,65,84
10.24090874313466,1851,64,85
10.24386996007503,1850,65,85
10.266848638160809,1850,64,86
10.282844468085914,1850,63,87
10.319266563173192,1850,62,88
10.431725067430433,1849,63,88
10.489205100549096,1848,64,88
10.495160571944915,1847,65,88
10.540349318217,1846,66,88
10.549165105792135,1845,67,88
10.561276847574804,1844,68,88
10.58663139207395,1843,69,88
10.655366500825245,1842,70,88
10.674743011516187,1841,71,88
10.677216828585365,1840,72,88
10.723492558808944,1839,73,88
10.728942834537108,1838,74,88
10.74722962310576,1837,75,88
10.770930041530573,1837,74,89
10.810681134867826,1836,75,89
10.817856092481863,1836,74,90
10.833513145956385,1835,75,90
10.852414687282575,1835,74,91
10.861857360022094,1835,73,92
10.877733557706398,1835,72,93
10.881591708616346,1835,71,94
10.932507777648476,1834,72,94
10.980459345929187,1833,73,94
10.982212729712657,1832,74,94
11.018762048805575,1832,73,95
11.05717745204964,1831,74,95
11.070934552119693,1830,75,95
11.077544390069631,1829,76,95
11.1532552768087,1829,75,96
11.163443474960776,1828,76,96
11.191381699292485,1827,77,96
11.202978574982847,1827,76,97
11.21978564345475,1827,75,98
11.243788891683979,1827,74,99
11.271519344705574,1827,73,100
11.27582287835236,1827,72,101
11.3107612816567,1826,73,101
11.320410429330126,1826,72,102
11.324183525078201,1825,73,102
11.325463804475563,1825,72,103
11.3260290181498,1824,73,103
11.334503009465458,1823,74,103
11.358420827279415,1822,75,103
11.365513092720644,1822,74,104
11.388008389253953,1822,73,105
11.388250547068244,1821,74,105
11.397184992952909,1820,75,105
11.400266751760908,1819,76,105
11.400754120060897,1818,77,105
11.410618113264809,1818,76,106
11.447114239194143,1817,77,106
11.473201666514678,1817,76,107
11.491724985108764,1817,75,108
11.523670116552102,1816,76,108
11.528844704435139,1816,75,109
11.538186166715015,1815,76,109
11.540201461760335,1815,75,110
11.550937573367316,1815,74,111
11.5740875837972,1815,73,112
11.579354840276153,1815,72,113
11.583547234245339,1814,73,113
11.587614396910677,1814,72,114
11.612236676629337,1813,73,114
11.612843899011901,1812,74,114
11.680935879042917,1811,75,114
11.710237259091702,1811,74,115
11.711772531183868,1810,75,115
11.741238485183292,1809,76,115
11.767131205933106,1809,75,116
11.86361253387716,1809,74,117
11.89392843898289,1808,75,117
11.914348050554246,1808,74,118
11.936172911324718,1807,75,118
11.963870108998982,1806,76,118
11.99457629168299,1805,77,118
12.005249592365887,1804,78,118
12.025651177117322,1804,77,119
12.062374123330939,1803,78,119
12.079691303782965,1802,79,119
12.103854199855434,1801,80,119
12.11186733367089,1800,81,119
12.11776935156137,1799,82,119
12.155652827064115,1798,83,119
12.155960486416705,1798,82,120
12.157865684656025,1798,81,121
12.158728037884597,1798,80,122
12.177348060153049,1797,81,122
12.189661369786625,1796,82,122
12.217147296904036,1796,81,123
12.240852916423036,1795,82,123
12.245376615157447,1795,81,124
12.250152448893244,1794,82,124
12.270213760814482,1794,81,125
12.327283225671376,1793,82,125
12.337796709540841,1792,83,125
12.390595452519465,1792,82,126
12.471060177356462,1791,83,126
12.477130263928752,1791,82,127
12.482290484799599,1790,83,127
12.561774891670119,1789,84,127
12.579001938355537,1788,85,127
12.584536273406153,1788,84,128
12.590722465656949,1788,83,129
12.63417707421027,1787,84,129
12.642888494033434,1786,85,129
12.665564407160339,1786,84,130
12.680565148149281,1786,83,131
12.681902648314194,1785,84,131
12.715758187372868,1784,85,131
12.766039171479266,1784,84,132
12.80280301006089,1783,85,132
12.857370939395665,1783,84,133
12.884347891473762,1782,85,133
12.897967938455126,1781,86,133
12.91108203736342,1781,85,134
12.915897014434842,1781,84,135
12.928418938829868,1781,83,136
12.931469635555201,1781,82,137
12.937345372625252,1780,83,137
12.937359265542392,1779,84,137
12.945866311188434,1778,85,137
12.95405193169013,1777,86,137
12.95791699182972,1776,87,137
12.998653472248641,1775,88,137
13.005046399144604,1774,89,137
13.010070254009914,1774,88,138
13.11653886729175,1774,87,139
13.116826031891154,1773,88,139
13.11748202181966,1773,87,140
13.127056369896387,1772,88,140
13.133591481145993,1771,89,140
13.145439911623052,1770,90,140
13.159772191172548,1769,91,140
13.172954776182507,1769,90,141
13.190505977058383,1768,91,141
13.206799039702318,1767,92,141
13.214390265674417,1766,93,141
13.220298650190113,1766,92,142
13.263032900527197,1766,91,143
13.291179511527295,1765,92,143
13.293632502659515,1764,93,143
13.294459397714196,1763,94,143
13.337236479052619,1762,95,143
13.340557031868522,1762,94,144
13.343098079487635,1762,93,145
13.361882764646191,1762,92,146
13.373604945061468,1762,91,147
13.385467139012071,1762,90,148
13.397081334639976,1761,91,148
13.437192804187951,1760,92,148
13.448022856410084,1759,93,148
13.48012121499744,1758,94,148
13.490459338259768,1757,95,148
13.519233883455142,1757,94,149
13.522966330244943,1756,95,149
13.53635964638481,1755,96,149
13.542146865265977,1754,97,149
13.545302497238543,1753,98,149
13.55313673955989,1752,99,149
13.568140078339074,1752,98,150
13.59949137586941,1751,99,150
13.608922581313532,1750,100,150
13.626821747691526,1750,99,151
13.631021993530359,1750,98,152
13.640247774372819,1749,99,152
13.645194992621008,1748,100,152
13.66485601189489,1748,99,153
13.664961857240781,1748,98,154
13.675853238752797,1747,99,154
13.676822415824082,1746,100,154
13.688795269261206,1745,101,154
13.760289029887417,1745,100,155
13.765336346862279,1745,99,156
13.79296640452655,1745,98,157
13.844549682275707,1744,99,157
13.864553567636706,1743,100,157
13.88038387163153,1743,99,158
13.920192532115669,1743,98,159
13.929246316792147,1743,97,160
13.93172335843251,1742,98,160
13.938518625049937,1742,97,161
13.944731291974149,1742,96,162
13.961693613918309,1742,95,163
13.969610242347695,1742,94,164
13.974858321882097,1742,93,165
13.979876438477469,1742,92,166
14.000894121897689,1742,91,167
14.009795202677427,1741,92,167
14.015780494214656,1741,91,168
14.037048110247067,1740,92,168
14.053115456538327,1740,91,169
14.05832307164739,1739,92,169
14.066274305744146,1738,93,169
14.075677062012408,1738,92,170
14.081251895360996,1738,91,171
14.10034938838291,1737,92,171
14.105185756437082,1736,93,171
14.133466609530464,1736,92,172
14.165092554281115,1735,93,172
14.186220497737882,1735,92,173
14.194710578775961,1734,93,173
14.197541939519393,1733,94,173
14.2694782020781,1732,95,173
14.284190196303507,1732,94,174
14.28937908301129,1732,93,175
14.29017818728444,1732,92,176
14.29156897813422,1732,91,177
14.36757825310868,1731,92,177
14.381634035278351,1730,93,177
14.414842578902123,1730,92,178
14.419567158208677,1730,91,179
14.439054398687865,1729,92,179
14.44565211671623,1728,93,179
14.458771291933235,1727,94,179
14.495922544469032,1727,93,180
14.50494187996057,1727,92,181
14.547190816680066,1726,93,181
14.579100646361738,1726,92,182
14.590116652116514,1725,93,182
14.591376523114121,1725,92,183
14.594348833944554,1725,91,184
14.689733702698375,1724,92,184
14.700380211893505,1724,91,185
14.706084229099273,1723,92,185
14.769786137447499,1722,93,185
14.806688858899335,1721,94,185
14.810972312285163,1720,95,185
14.82284819337877,1719,96,185
14.868300809458802,1718,97,185
14.875798207280953,1718,96,186
14.883838576388873,1718,95,187
14.886854189329872,1718,94,188
14.909426568781553,1718,93,189
14.92631498757484,1718,92,190
14.951247517233526,1717,93,190
14.958512367905483,1716,94,190
14.964486279079797,1715,95,190
14.981703742617213,1715,94,191
15.046305227695921,1714,95,191
15.050609074628042,1713,96,191
15.098709425652116,1713,95,192
15.103515873225055,1713,94,193
15.144997876773486,1712,95,193
15.165454586978097,1711,96,193
15.177891643260919,1710,97,193
15.224646249878562,1709,98,193
15.249374457271248,1709,97,194
15.24942126122439,1709,96,195
15.271736856762981,1708,97,195
15.274294927483153,1708,96,196
15.283765442439774,1707,97,196
15.292623362936354,1707,96,197
15.331353140735727,1707,95,198
15.34312107255141,1707,94,199
15.348149965174521,1707,93,200
15.348519691525011,1706,94,200
15.40556631722979,1705,95,200
15.445846389316179,1705,94,201
15.46100865039694,1705,93,202
15.46456621837991,1705,92,203
15.470628602584048,1705,91,204
15.479957448986989,1705,90,205
15.493601986131662,1704,91,205
15.495629149148517,1703,92,205
15.514257790106566,1702,93,205
15.574948880941223,1702,92,206
15.596941942098864,1702,91,207
15.669058143226831,1701,92,207
15.68917293722762,1701,91,208
15.689717136148312,1700,92,208
15.72126335475955,1699,93,208
15.744473194329911,1699,92,209
15.803405895108439,1699,91,210
15.809330533239022,1698,92,210
15.816376904247898,1698,91,211
15.831241619642148,1697,92,211
15.879984295128498,1697,91,212
15.902629533410698,1696,92,212
15.904867870799528,1695,93,212
15.937573879706163,1694,94,212
15.968453694053428,1693,95,212
16.017320216708224,1692,96,212
16.03217023866157,1691,97,212
16.03579441585953,1691,96,213
16.055318544717043,1690,97,213
16.064975185957266,1689,98,213
16.0941959153004,1688,99,213
16.125575688486563,1688,98,214
16.126688847374513,1687,99,214
16.13412940699435,1686,100,214
16.141473040155727,1686,99,215
16.149657250503278,1685,100,215
16.1520124337847,1684,101,215
16.154227322900667,1683,102,215
16.162424432790292,1683,101,216
16.180196383422814,1682,102,216
16.191783018787095,1682,101,217
16.195098611785898,1682,100,218
16.20605086783047,1681,101,218
16.20914112807548,1681,100,219
16.210148860035574,1680,101,219
16.23834840310285,1680,100,220
16.246301525107675,1680,99,221
16.2922424104635,1680,98,222
16.315013564543285,1679,99,222
16.353550981774827,1678,100,222
16.36632661574125,1678,99,223
16.404611370894816,1678,98,224
16.442508344800654,1678,97,225
16.449478202480673,1677,98,225
16.461172121505676,1677,97,226
16.468345413220423,1677,96,227
16.469629367139962,1676,97,227
16.470825429208546,1675,98,227
16.476315490527938,1675,97,228
16.498667043700916,1675,96,229
16.505691405195265,1674,97,229
16.51868565085458,1673,98,229
16.54461661282567,1672,99,229
16.577274418178998,1671,100,229
16.590276712584654,1670,101,229
16.600447595451957,1670,100,230
16.67522293764368,1670,99,231
16.696855116990537,1669,100,231
16.73215192205957,1668,101,231
16.740971698747995,1667,102,231
16.75123813798983,1667,101,232
16.787579619719267,1666,102,232
16.830991348680676,1665,103,232
16.846285279987953,1665,102,233
16.87537658898371,1665,101,234
16.905128457021554,1665,100,235
16.90818741244095,1664,101,235
16.926265742194634,1663,102,235
16.938970183756577,1663,101,236
16.95577079258659,1662,102,236
16.96310489173053,1661,103,236
16.975582696027683,1661,102,237
16.97901178681571,1661,101,238
16.996691314221913,1661,100,239
17.00891748258451,1661,99,240
17.030886599263578,1660,100,240
17.03970334143135,1659,101,240
17.06175448423412,1659,100,241
17.06482651767675,1658,101,241
17.088342479574344,1658,100,242
17.11552927104075,1658,99,243
17.11588873974254,1657,100,243
17.116082018791086,1656,101,243
17.120888975279133,1655,102,243
17.12331740118936,1655,101,244
17.133628032684392,1655,100,245
17.137174380159856,1654,101,245
17.14997075571605,1653,102,245
17.177604720776444,1652,103,245
17.213983152422117,1651,104,245
17.215591815426716,1651,103,246
17.235196547581502,1651,102,247
17.23632470068488,1651,101,248
17.262706491305032,1650,102,248
17.327496479272124,1650,101,249
17.335190526517383,1649,102,249
17.338429493916554,1649,101,250
17.366215328077267,1648,102,250
17.3718098375819,1648,101,251
17.37563246291126,1647,102,251
17.407615522798714,1647,101,252
17.410482704147924,1646,102,252
17.415887166576017,1645,103,252
17.456996132070405,1644,104,252
17.461186029005372,1643,105,252
17.46300649023251,1642,106,252
17.478378749889963,1641,107,252
17.48327384742655,1640,108,252
17.487153702680835,1640,107,253
17.510837332951777,1639,108,253
17.550145708276098,1638,109,253
17.59777063248991,1638,108,254
17.651200227904084,1638,107,255
17.67243996407294,1638,106,256
17.67257468413748,1637,107,256
17.68755705797833,1636,108,256
17.687723468183286,1635,109,256
17.706159198616884,1635,108,257
17.75142478832524,1635,107,258
17.752013629583796,1634,108,258
17.77902013830674,1633,109,258
17.822386719669673,1632,110,258
17.83636344337392,1631,111,258
17.844477078996288,1630,112,258
17.85008733818596,1630,111,259
17.853906116983676,1630,110,260
17.87116659059269,1629,111,260
17.93207351063326,1628,112,260
17.944257884132448,1628,111,261
17.963641702898766,1628,110,262
17.973021732570867,1627,111,262
18.000717289634142,1627,110,263
18.012046363198518,1627,109,264
18.01488760146333,1626,110,264
18.037754844724617,1626,109,265
18.043143121000064,1626,108,266
18.06659808222512,1625,109,266
18.074932101283256,1624,110,266
18.095260656901647,1623,111,266
18.100487370930953,1623,110,267
18.100688121687178,1623,109,268
18.157820205904958,1623,108,269
18.197392319784388,1623,107,270
18.20029668158341,1623,106,271
18.20492101146873,1622,107,271
18.25241507028624,1621,108,271
18.29216582390111,1620,109,271
18.293820961349066,1619,110,271
18.312644639154488,1619,109,272
18.39638292800164,1619,108,273
18.404712576641792,1618,109,273
18.434895855237333,1617,110,273
18.460798187714172,1617,109,274
18.483264520595,1616,110,274
18.49426634902853,1616,109,275
18.504506872487205,1615,110,275
18.50577858276829,1615,109,276
18.510594805722185,1614,110,276
18.527151862590863,1613,111,276
18.530083055766273,1612,112,276
18.54631040822962,1611,113,276
18.546412178504454,1611,112,277
18.56384561591089,1611,111,278
18.588135008642357,1611,110,279
18.598210621671612,1610,111,279
18.60790629185711,1610,110,280
18.63048862042206,1610,109,281
18.654874889452383,1609,110,281
18.661947490268023,1609,109,282
18.6647826606146,1608,110,282
18.675976958807606,1607,111,282
18.6991840728177,1607,110,283
18.735173728434745,1606,111,283
18.73768062423215,1605,112,283
18.746448483071322,1605,111,284
18.753369426115817,1604,112,284
18.80542435117322,1604,111,285
18.81958638814682,1604,110,286
18.819915994161097,1604,109,287
18.82108404334834,1603,110,287
18.85645153850872,1603,109,288
18.862875837203237,1603,108,289
18.89167352610896,1603,107,290
18.91473958209547,1602,108,290
18.933286397957417,1602,107,291
18.973415883046584,1601,108,291
19.004407443606606,1601,107,292
19.00691200959239,1601,106,293
19.018768504424518,1600,107,293
19.045731982692132,1600,106,294
19.051131897858834,1600,105,295
19.097523161426064,1600,104,296
19.10331151028894,1599,105,296
19.112233953481674,1599,104,297
19.1226200671129,1598,105,297
19.136711579196056,1597,106,297
19.170055995495375,1597,105,298
19.172393948498126,1597,104,299
19.209401054144106,1596,105,299
19.210398204338546,1596,104,300
19.218985910883852,1595,105,300
19.228238557891657,1595,104,301
19.233232302405106,1594,105,301
19.238097402726094,1593,106,301
19.246160659442328,1592,107,301
19.325791397367357,1591,108,301
19.335964923785895,1590,109,301
19.33886877352375,1589,110,301
19.367731712890617,1588,111,301
19.393315639511783,1587,112,301
19.503447683431244,1587,111,302
19.50521436102502,1586,112,302
19.511857042133656,1586,111,303
19.5175858803138,1586,110,304
19.523726153624978,1585,111,304
19.529051126625465,1585,110,305
19.529097021880013,1584,111,305
19.549062887890795,1584,110,306
19.55275642574435,1583,111,306
19.553553219688606,1583,110,307
19.56411217728659,1582,111,307
19.571652729954582,1581,112,307
19.59912165189276,1580,113,307
19.641299898074912,1579,114,307
19.64158425504258,1578,115,307
19.65012608956391,1578,114,308
19.664209168231093,1577,115,308
19.676533228912785,1576,116,308
19.69476805028385,1576,115,309
19.75352963008704,1576,114,310
19.778879117918244,1576,113,311
19.783577444189266,1575,114,311
19.809959487264067,1575,113,312
19.835166947862533,1575,112,313
19.85997655786017,1575,111,314
19.860372514661854,1575,110,315
19.86370618271939,1574,111,315
19.865503742901502,1573,112,315
19.867903731572575,1573,111,316
19.875883176824015,1573,110,317
19.89431849783046,1573,109,318
19.91317531549699,1572,110,318
19.935623962650826,1572,109,319
19.963263021458417,1571,110,319
19.975763061882553,1570,111,319
19.99965276716811,1569,112,319
20.003302586474142,1569,111,320
20.022952374184925,1568,112,320
20.05075791094984,1568,111,321
20.060324050991362,1568,110,322
20.07657164616927,1568,109,323
20.087987862472563,1567,110,323
20.09977530776826,1566,111,323
20.103226244043874,1565,112,323
20.146558053754518,1565,111,324
20.146956702991826,1564,112,324
20.200104334748968,1564,111,325
20.20477710248175,1564,110,326
20.20717939517118,1563,111,326
20.236363551555854,1562,112,326
20.25585552923339,1561,113,326
20.257638832605693,1560,114,326
20.276934071627586,1559,115,326
20.2784777917584,1558,116,326
20.278975981470882,1557,117,326
20.313930254061642,1556,118,326
20.323961634313633,1555,119,326
20.336333831615143,1554,120,326
20.339022943928736,1554,119,327
20.341665405732464,1554,118,328
20.347678989661283,1554,117,329
20.36572645022276,1554,116,330
20.37531120715544,1553,117,330
20.380883263444414,1553,116,331
20.39326208000821,1553,115,332
20.42044464794182,1552,116,332
20.442569991457223,1551,117,332
20.455604281658825,1551,116,333
20.4768454565973,1550,117,333
20.481967346968357,1550,116,334
20.501602478286294,1549,117,334
20.54863818398028,1548,118,334
20.584957134187587,1547,119,334
20.585708577476005,1546,120,334
20.6152595311011,1546,119,335
20.625489916895166,1545,120,335
20.63274721939956,1545,119,336
20.63518617576794,1544,120,336
20.69057708448957,1544,119,337
20.72193148577151,1544,118,338
20.7403768674282,1543,119,338
20.747832506703197,1542,120,338
20.759806358972615,1541,121,338
20.785407728124053,1541,120,339
20.787777679391784,1540,121,339
20.79275283072523,1539,122,339
20.79475302097936,1538,123,339
20.871865979199413,1537,124,339
20.886061860090496,1536,125,339
20.889046666447367,1536,124,340
20.900170986711878,1536,123,341
20.906556218141297,1535,124,341
20.91558289826071,1534,125,341
20.926832730317365,1534,124,342
20.93739487754323,1533,125,342
20.970492303064532,1532,126,342
20.979515701468753,1531,127,342
20.979873122914494,1531,126,343
20.986758550047103,1530,127,343
20.9970421146092,1529,128,343
20.997781916065975,1529,127,344
21.024387961723345,1528,128,344
21.026328625765576,1528,127,345
21.03374465438371,1527,128,345
21.0903610264702,1527,127,346
21.095153558436415,1526,128,346
21.120021943621516,1526,127,347
21.12177370668387,1525,128,347
21.12293782514221,1524,129,347
21.129788369132747,1523,130,347
21.129928500962848,1523,129,348
21.137349448995842,1522,130,348
21.188301242635134,1521,131,348
21.195296784393804,1520,132,348
21.198664549581192,1520,131,349
21.219573577311227,1520,130,350
21.220706619564613,1520,129,351
21.223875105528606,1520,128,352
21.22880917616733,1519,129,352
21.26736528473633,1519,128,353
21.26752588058706,1518,129,353
21.268166180036292,1518,128,354
21.27475553010504,1517,129,354
21.276663194117326,1516,130,354
21.294458920897096,1515,131,354
21.30354955373863,1514,132,354
21.304877566165086,1513,133,354
21.311464422387072,1512,134,354
21.311749531611987,1512,133,355
21.31263394849307,1512,132,356
21.320296396211244,1512,131,357
21.336955716406738,1512,130,358
21.340936692120735,1512,129,359
21.35205239862349,1511,130,359
21.38913177849767,1511,129,360
21.395977052100545,1510,130,360
21.41177731238843,1510,129,361
21.44999268299811,1510,128,362
21.457703470907056,1509,129,362
21.46312982982492,1508,130,362
21.46752111717064,1508,129,363
21.473146468018495,1507,130,363
21.492473492409477,1506,131,363
21.510993175875395,1505,132,363
21.519905641043763,1504,133,363
21.552629890233096,1503,134,363
21.567695800830638,1502,135,363
21.57382928072826,1502,134,364
21.5762136786721,1501,135,364
21.595922679322165,1501,134,365
21.60632142905817,1500,135,365
21.611543315798034,1499,136,365
21.629041480656255,1498,137,365
21.632577509378486,1497,138,365
21.63709504948379,1496,139,365
21.638067769447158,1496,138,366
21.643057783057426,1495,139,366
21.652872756299235,1494,140,366
21.653284727753658,1494,139,367
21.653769681517467,1494,138,368
21.721668921769997,1494,137,369
21.72282310120366,1494,136,370
21.727272161353355,1493,137,370
21.76706134080658,1493,136,371
21.80016240708443,1493,135,372
21.827079531036638,1493,134,373
21.830547597768078,1493,133,374
21.832110603668095,1493,132,375
21.84665027566174,1493,131,376
21.848136758510996,1492,132,376
21.84994368576793,1491,133,376
21.876084871538655,1490,134,376
21.876825006115638,1490,133,377
21.890096566970286,1489,134,377
21.899377377999183,1488,135,377
21.904248395148418,1487,136,377
21.916392786700733,1486,137,377
21.931016198753422,1485,138,377
21.950090981755242,1484,139,377
21.95497958109726,1483,140,377
21.959758986825552,1482,141,377
21.97190896088742,1482,140,378
21.983266472665235,1481,141,378
22.013468992586628,1481,140,379
22.017981647507494,1480,141,379
22.0222425248981,1480,140,380
22.02992682681268,1480,139,381
22.032292863492465,1479,140,381
22.0343548164408,1478,141,381
22.067407930141563,1477,142,381
22.091436230643197,1477,141,382
22.100882448489596,1477,140,383
22.115417589068176,1477,139,384
22.132696794065247,1476,140,384
22.153658040071665,1475,141,384
22.166587294403826,1474,142,384
22.18445841864907,1474,141,385
22.215873994959193,1473,142,385
22.223071592601265,1473,141,386
22.223376596277955,1472,142,386
22.234715112322295,1471,143,386
22.262091441712833,1471,142,387
22.262812119170203,1470,143,387
22.266907961517887,1469,144,387
22.26828747724645,1468,145,387
22.29082951588324,1468,144,388
22.294741717943847,1467,145,388
22.298698547002758,1466,146,388
22.32137133008513,1466,145,389
22.32518570255806,1466,144,390
22.33163848749659,1466,143,391
22.343542295444706,1465,144,391
22.351911141295535,1465,143,392
22.35952564697432,1464,144,392
22.360799352447838,1463,145,392
22.364749891475196,1463,144,393
22.399027312275365,1463,143,394
22.419547787043513,1463,142,395
22.437314627919566,1462,143,395
22.44026115401471,1461,144,395
22.454197411090767,1460,145,395
22.455398159779193,1459,146,395
22.488752201072643,1459,145,396
22.489753729927752,1459,144,397
22.49218166526757,1459,143,398
22.498534057789982,1458,144,398
22.508560915100418,1458,143,399
22.521813997828595,1458,142,400
22.530771806861328,1457,143,400
22.56875357154645,1456,144,400
22.57969149798453,1456,143,401
22.591303325444706,1455,144,401
22.605550917874137,1454,145,401
22.60761734493176,1454,144,402
22.61208542539634,1454,143,403
22.6222892652537,1453,144,403
22.63652578958343,1453,143,404
22.646909425841255,1452,144,404
22.64989532248866,1452,143,405
22.675329100189415,1452,142,406
22.68107067373873,1452,141,407
22.690214866486812,1452,140,408
22.72755118465818,1451,141,408
22.740402209727037,1451,140,409
22.759058276947208,1450,141,409
22.778821422834632,1450,140,410
22.78059524942213,1450,139,411
22.799291199860683,1450,138,412
22.80238825660949,1449,139,412
22.8098873020238,1448,140,412
22.81525344064042,1448,139,413
22.82491583681605,1448,138,414
22.86875520154665,1447,139,414
22.8955591141076,1446,140,414
22.8965979543323,1446,139,415
22.89731360580049,1446,138,416
22.89919917185918,1446,137,417
22.914840975779715,1446,136,418
22.920596307144812,1445,137,418
22.936146247877247,1444,138,418
22.937858617283403,1443,139,418
22.940214624920593,1442,140,418
22.96861441448009,1442,139,419
22.973688132645208,1442,138,420
22.978109143838143,1441,139,420
22.991224614783796,1441,138,421
22.999873399158865,1440,139,421
23.023505841415588,1439,140,421
23.044640217915802,1439,139,422
23.06110107339271,1439,138,423
23.064247566779283,1439,137,424
23.104663505960296,1439,136,425
23.122760180666987,1438,137,425
23.19801074419389,1438,136,426
23.227652333758382,1437,137,426
23.23737282268891,1437,136,427
23.250036919031118,1436,137,427
23.268393018656507,1436,136,428
23.289366065367503,1435,137,428
23.302056692888915,1435,136,429
23.325441546693455,1434,137,429
23.325607150046775,1434,136,430
23.330201502503968,1434,135,431
23.357570884892006,1433,136,431
23.36002150301027,1432,137,431
23.392852392446667,1432,136,432
23.39662713540372,1432,135,433
23.409426783774936,1432,134,434
23.42143200949069,1431,135,434
23.42450032529849,1430,136,434
23.425246135224015,1429,137,434
23.443699556813,1428,138,434
23.44744720149773,1428,137,435
23.464146545562716,1427,138,435
23.475841115715827,1427,137,436
23.476082969999084,1427,136,437
23.516532929246292,1426,137,437
23.518326695135602,1426,136,438
23.531471280966137,1426,135,439
23.543339151531427,1425,136,439
23.566653000839317,1425,135,440
23.568722726695626,1424,136,440
23.589382639640068,1423,137,440
23.62696405169811,1422,138,440
23.665792120650252,1421,139,440
23.667166084674662,1420,140,440
23.68498845917236,1420,139,441
23.706701970980944,1419,140,441
23.714239781814317,1418,141,441
23.718456544890916,1417,142,441
23.720454726814687,1416,143,441
23.726857706614503,1416,142,442
23.74179417170215,1416,141,443
23.742683136932147,1416,140,444
23.755351044093732,1415,141,444
23.771493145223598,1415,140,445
23.895534005542864,1414,141,445
23.904465176553128,1414,140,446
23.913917550213764,1413,141,446
23.92651546027584,1413,140,447
23.926609477689002,1413,139,448
23.936958113530928,1412,140,448
23.95123564411699,1411,141,448
23.97824418972494,1411,140,449
23.998655128487258,1410,141,449
24.028518461238143,1410,140,450
24.061624625792895,1409,141,450
24.069987253847124,1408,142,450
24.08126302414526,1407,143,450
24.084761618440325,1406,144,450
24.088079527976312,1406,143,451
24.11044577070398,1406,142,452
24.111502506100805,1405,143,452
24.12101421973507,1404,144,452
24.12268921226201,1404,143,453
24.14592373643533,1404,142,454
24.162671026115465,1404,141,455
24.19887149540036,1404,140,456
24.201321141581335,1404,139,457
24.206701191486403,1404,138,458
24.214092090043206,1403,139,458
24.224904711287497,1402,140,458
24.235127180178953,1402,139,459
24.250453290663692,1401,140,459
24.25436589301878,1401,139,460
24.261222701395884,1401,138,461
24.268923275797018,1401,137,462
24.281081979623064,1401,136,463
24.299707795817202,1400,137,463
24.306168163436674,1399,138,463
24.312233189778496,1399,137,464
24.312582495075404,1398,138,464
24.361203661576873,1398,137,465
24.369924730729107,1398,136,466
24.377144351364553,1397,137,466
24.380749955458136,1397,136,467
24.414834533113467,1397,135,468
24.44575300962562,1397,134,469
24.458873370277107,1397,133,470
24.459008880497528,1397,132,471
24.486550211350583,1396,133,471
24.486582378018035,1396,132,472
24.504769684267046,1396,131,473
24.529990526063543,1396,130,474
24.53003479130703,1395,131,474
24.53525116607476,1394,132,474
24.551126156930977,1393,133,474
24.564561392333292,1392,134,474
24.607307581755016,1392,133,475
24.632965345198045,1391,134,475
24.64315403521031,1390,135,475
24.649658995671675,1390,134,476
24.660979283697582,1389,135,476
24.673414604335953,1389,134,477
24.70203200098901,1389,133,478
24.750243339645056,1389,132,479
24.753288940195954,1388,133,479
24.754271987588105,1388,132,480
24.765145869733253,1388,131,481
24.7988516715242,1387,132,481
24.801777439936462,1386,133,481
24.80370282555122,1385,134,481
24.807400392981073,1385,133,482
24.812938681135837,1384,134,482
24.82281754681845,1383,135,482
24.83383147551277,1383,134,483
24.844940759389466,1383,133,484
24.850326506691424,1383,132,485
24.854737133927973,1383,131,486
24.86084511409893,1383,130,487
24.865110012646596,1382,131,487
24.889611452460215,1382,130,488
24.890286939955004,1381,131,488
24.891511776333886,1380,132,488
24.925581207061608,1379,133,488
24.952757674389595,1379,132,489
24.95640899286241,1379,131,490
24.960226042636187,1378,132,490
24.971220873356764,1377,133,490
25.00004188426017,1376,134,490
25.012858128579072,1375,135,490
25.05487862199,1375,134,491
25.06031489566233,1375,133,492
25.060416221706895,1375,132,493
25.096206593068676,1374,133,493
25.099114397789613,1374,132,494
25.107104818947867,1373,133,494
25.133620418771006,1372,134,494
25.134767792819645,1371,135,494
25.148487477846082,1371,134,495
25.21802398844556,1371,133,496
25.24098582314099,1370,134,496
25.2436449032342,1370,133,497
25.253891692324423,1370,132,498
25.2568962709814,1369,133,498
25.25888609769147,1368,134,498
25.260555086433172,1367,135,498
25.279075169937354,1366,136,498
25.316839670570193,1365,137,498
25.32507342863403,1364,138,498
25.32942218558661,1363,139,498
25.337900148294782,1363,138,499
25.341797216994422,1362,139,499
25.394020586119723,1362,138,500
25.42178057857742,1362,137,501
25.46916702504775,1361,138,501
25.499680079551446,1360,139,501
25.5027730699496,1360,138,502
25.504296634218896,1360,137,503
25.525620707868214,1359,138,503
25.534514218195312,1358,139,503
25.54684991808145,1358,138,504
25.557631596470806,1357,139,504
25.558961078601328,1356,140,504
25.563602024596044,1356,139,505
25.58410039653588,1356,138,506
25.58789371098802,1355,139,506
25.588302420925423,1354,140,506
25.60549817195652,1353,141,506
25.611375392239438,1353,140,507
25.622453454960635,1352,141,507
25.629928322955333,1352,140,508
25.633387305889638,1352,139,509
25.63927759588815,1352,138,510
25.640262820099544,1352,137,511
25.643171238881685,1351,138,511
25.687914656244264,1351,137,512
25.693456164545005,1351,136,513
25.73377299471369,1350,137,513
25.742536420081144,1349,138,513
25.74515557042454,1348,139,513
25.75654435048116,1347,140,513
25.787491193567,1347,139,514
25.791879128403828,1347,138,515
25.813746088062835,1346,139,515
25.816686081893717,1346,138,516
25.83336988147568,1345,139,516
25.846291584712816,1344,140,516
25.848705423686596,1344,139,517
25.862132992633853,1343,140,517
25.872208441093154,1343,139,518
25.87308683822355,1343,138,519
25.944179268318603,1343,137,520
25.949448521032355,1342,138,520
26.002381450877248,1342,137,521
26.03344877966942,1341,138,521
26.04241410360948,1341,137,522
26.052398312509098,1340,138,522
26.069640515311594,1340,137,523
26.07193925150949,1339,138,523
26.089681357981824,1338,139,523
26.10844376824232,1338,138,524
26.122506374266937,1338,137,525
26.13037284577962,1338,136,526
26.13243141366948,1338,135,527
26.13325404513077,1338,134,528
26.151610140664328,1337,135,528
26.171860550669493,1337,134,529
26.17511058910149,1337,133,530
26.178458089702325,1337,132,531
26.180446163828904,1337,131,532
26.21296490808532,1336,132,532
26.241213063292435,1336,131,533
26.24477961825285,1335,132,533
26.256521718170735,1335,131,534
26.259556846736757,1334,132,534
26.26345581178695,1333,133,534
26.272615107386944,1332,134,534
26.273680649230375,1332,133,535
26.27611803299242,1331,134,535
26.318564048492906,1330,135,535
26.340462276452488,1330,134,536
26.36134588898252,1329,135,536
26.39889691619464,1329,134,537
26.420925850172605,1328,135,537
26.429916227199502,1328,134,538
26.465203108047117,1328,133,539
26.466888013007836,1327,134,539
26.481333649563013,1326,135,539
26.49236685733362,1326,134,540
26.553790587414394,1325,135,540
26.56428309889275,1325,134,541
26.569349915582123,1324,135,541
26.574590783893616,1323,136,541
26.579498197786307,1323,135,542
26.580267837062124,1322,136,542
26.595614853270014,1321,137,542
26.606600164636717,1321,136,543
26.615866750476986,1320,137,543
26.64563504667954,1320,136,544
26.697659806919233,1320,135,545
26.7521558106936,1320,134,546
26.760770546936893,1319,135,546
26.766733120084865,1319,134,547
26.768041330266875,1319,133,548
26.797186798371413,1319,132,549
26.80178187651665,1319,131,550
26.822230697862814,1318,132,550
26.837815617099743,1317,133,550
26.841163814510416,1317,132,551
26.848728360807954,1317,131,552
26.85056136243357,1316,132,552
26.87485096545373,1316,131,553
26.878204850800845,1316,130,554
26.91025622174105,1315,131,554
26.914754329385865,1315,130,555
26.918721528311895,1315,129,556
26.974503084507486,1314,130,556
27.007136425216025,1313,131,556
27.013474852313507,1313,130,557
27.05587730005446,1313,129,558
27.056742954966193,1313,128,559
27.070395533198273,1313,127,560
27.13387635254361,1313,126,561
27.17394042990216,1313,125,562
27.189783670470927,1313,124,563
27.195987191496325,1312,125,563
27.20462840482248,1311,126,563
27.213686878860194,1310,127,563
27.22289098680765,1310,126,564
27.239543444716503,1310,125,565
27.26707239273486,1310,124,566
27.279138568019892,1310,123,567
27.29051062457626,1310,122,568
27.294708634726046,1309,123,568
27.296357090058105,1309,122,569
27.302699282675903,1308,123,569
27.309309030495534,1307,124,569
27.311528336923924,1306,125,569
27.328049451045594,1306,124,570
27.34374768255478,1305,125,570
27.354548353057083,1304,126,570
27.38519502823418,1303,127,570
27.398306715263487,1302,128,570
27.40799495665459,1301,129,570
27.412461813527976,1301,128,571
27.413848416084832,1300,129,571
27.42834103450579,1300,128,572
27.436932080050894,1299,129,572
27.439033476965,1299,128,573
27.439478406182495,1298,129,573
27.46611868501191,1297,130,573
27.49730705331178,1297,129,574
27.51852104935707,1296,130,574
27.524839994548774,1295,131,574
27.533342978707104,1295,130,575
27.546837016833212,1295,129,576
27.592087939361814,1294,130,576
27.599346335619224,1294,129,577
27.619467387110657,1293,130,577
27.64565882795181,1293,129,578
27.66426063762824,1293,128,579
27.66529788724014,1293,127,580
27.667415877736588,1292,128,580
27.672640388062753,1291,129,580
27.677335183172357,1291,128,581
27.687546183641714,1291,127,582
27.695291466139206,1291,126,583
27.702021815715216,1291,125,584
27.717854729197104,1290,126,584
27.761086349088508,1289,127,584
27.761584453118417,1288,128,584
27.768102801892535,1287,129,584
27.783736670888082,1287,128,585
27.800184928445237,1287,127,586
27.822609738468586,1287,126,587
27.86430484864231,1287,125,588
27.875379753647152,1286,126,588
27.88728725519137,1285,127,588
27.970704434932955,1284,128,588
27.974038512747875,1284,127,589
27.99097339499378,1284,126,590
27.99734460797767,1284,125,591
28.010582083077995,1284,124,592
28.01744045794279,1284,123,593
28.034719664001223,1284,122,594
28.038903127805096,1283,123,594
28.04119955369384,1282,124,594
28.09945213905284,1282,123,595
28.12693052628466,1281,124,595
28.132841532751165,1281,123,596
28.183382670729298,1280,124,596
28.184015042812426,1280,123,597
28.22005993666821,1279,124,597
28.261897056125367,1278,125,597
28.275590893715716,1277,126,597
28.276869239324864,1277,125,598
28.2905222272774,1277,124,599
28.29571901317988,1276,125,599
28.310475923045857,1275,126,599
28.32391253250629,1274,127,599
28.356866040228134,1274,126,600
28.358831567864048,1273,127,600
28.35893129194863,1273,126,601
28.39251696625901,1273,125,602
28.43467284678785,1272,126,602
28.443773462904762,1272,125,603
28.480148221918448,1271,126,603
28.50734714950254,1271,125,604
28.51221847299016,1270,126,604
28.516696390008708,1269,127,604
28.517021040827153,1268,128,604
28.528411682968304,1268,127,605
28.529894387178135,1268,126,606
28.532046835863135,1267,127,606
28.551780020398752,1267,126,607
28.554495385776338,1266,127,607
28.561005178543812,1265,128,607
28.570047096089578,1265,127,608
28.580095715424612,1264,128,608
28.629802576815003,1263,129,608
28.630482115078006,1262,130,608
28.652934940185883,1262,129,609
28.680478884479577,1262,128,610
28.70298932403613,1262,127,611
28.703739363507683,1262,126,612
28.749969198358524,1262,125,613
28.75845586296318,1261,126,613
28.77774189796751,1261,125,614
28.77934819623638,1260,126,614
28.788398179534685,1260,125,615
28.815930452544208,1259,126,615
28.830194735176352,1258,127,615
28.847633029712103,1258,126,616
28.892782868596257,1257,127,616
28.901504103250133,1257,126,617
28.927001138006215,1256,127,617
28.948642050480778,1256,126,618
28.94931571810166,1255,127,618
28.95348560193396,1255,126,619
29.0072995431646,1254,127,619
29.017538518395163,1253,128,619
29.02737610279287,1252,129,619
29.030860618947784,1252,128,620
29.033514324236183,1251,129,620
29.04166072220745,1250,130,620
29.080023264513372,1250,129,621
29.083777031435297,1249,130,621
29.099956310814644,1249,129,622
29.1048361626094,1248,130,622
29.12186089597158,1247,131,622
29.144469954533463,1247,130,623
29.14879231619164,1247,129,624
29.181999200414086,1247,128,625
29.18200667189798,1247,127,626
29.227000348405493,1246,128,626
29.246824314238477,1246,127,627
29.25875826904762,1246,126,628
29.27850906119421,1246,125,629
29.305544341107794,1246,124,630
29.32106304736722,1246,123,631
29.334932886502965,1246,122,632
29.342590376705044,1246,121,633
29.35604030685456,1245,122,633
29.404144984410465,1244,123,633
29.415992738574573,1243,124,633
29.456349671882485,1243,123,634
29.49315498695962,1242,124,634
29.53953171451726,1242,123,635
29.56532157487068,1242,122,636
29.575455838986226,1242,121,637
29.5827822682048,1241,122,637
29.588361290844485,1240,123,637
29.60980987942258,1239,124,637
29.610131941863678,1238,125,637
29.623024956484247,1238,124,638
29.635712964758902,1237,125,638
29.663576671020973,1237,124,639
29.670257616183886,1237,123,640
29.68738638558822,1237,122,641
29.701338405787645,1237,121,642
29.71125239740467,1237,120,643
29.728778299440492,1236,121,643
29.740306560596153,1236,120,644
29.74687544120185,1236,119,645
29.754946857876156,1235,120,645
29.840235881419005,1234,121,645
29.844975225421965,1234,120,646
29.867218735238787,1233,121,646
29.871182254263385,1233,120,647
29.876093648467425,1233,119,648
29.891191838451302,1233,118,649
29.941922895049558,1233,117,650
29.96448827736303,1233,116,651
29.969672563912617,1232,117,651
29.990710807095894,1232,116,652
29.99379163841929,1232,115,653
30.010078891891062,1231,116,653
30.020655257626256,1231,115,654
30.02180015024846,1231,114,655
30.034384780260833,1231,113,656
30.053263815718246,1231,112,657
30.10473625977603,1231,111,658
30.12848995281917,1230,112,658
30.16032922099685,1230,111,659
30.17650703819073,1230,110,660
30.17962132389999,1230,109,661
30.189224991224812,1230,108,662
30.224510691544285,1230,107,663
30.274830817563746,1230,106,664
30.28633524693382,1229,107,664
30.293641198923122,1228,108,664
30.29975172632165,1228,107,665
30.305911309058352,1228,106,666
30.36687663100959,1228,105,667
30.387178647079566,1228,104,668
30.409574454985645,1228,103,669
30.41171974408954,1228,102,670
30.43902351402872,1227,103,670
30.463428292285446,1227,102,671
30.518669438961727,1227,101,672
30.66644677352038,1227,100,673
30.745954241895298,1227,99,674
30.749173493249955,1227,98,675
30.78525101290004,1226,99,675
30.805065984186953,1226,98,676
30.817303347602437,1226,97,677
30.859740390877075,1225,98,677
30.86059470927717,1225,97,678
30.90321387699139,1224,98,678
30.94076925177089,1223,99,678
30.945204745553685,1222,100,678
30.954312140107962,1221,101,678
30.973698590387283,1221,100,679
30.99369371424779,1220,101,679
31.00951105119143,1219,102,679
31.012759245173047,1218,103,679
31.016757206369938,1217,104,679
31.02886833928019,1217,103,680
31.045437833012276,1217,102,681
31.05743100171509,1217,101,682
31.0587923170428,1217,100,683
31.06493827832701,1217,99,684
31.09082949924009,1217,98,685
31.094212727314034,1216,99,685
31.122915871696232,1215,100,685
31.125215478873805,1215,99,686
31.134915126140534,1214,100,686
31.138992238601926,1213,101,686
31.140017892369116,1213,100,687
31.175437819435572,1212,101,687
31.180156359800975,1211,102,687
31.185630086885556,1211,101,688
31.199896126147397,1210,102,688
31.228037567011782,1210,101,689
31.255686383900237,1210,100,690
31.28435120810019,1209,101,690
31.389027248990644,1209,100,691
31.389481103131246,1208,101,691
31.42071408907768,1207,102,691
31.425070068565788,1206,103,691
31.42873222138458,1206,102,692
31.436692347586717,1206,101,693
31.47425534020996,1206,100,694
31.49223728641494,1206,99,695
31.513774450891052,1205,100,695
31.514035615672483,1205,99,696
31.539531856844548,1204,100,696
31.595291776224226,1204,99,697
31.596142685919556,1204,98,698
31.597905750954954,1203,99,698
31.61524585153005,1202,100,698
31.628978149464547,1202,99,699
31.678683958539484,1201,100,699
31.69299607069953,1200,101,699
31.693075506619742,1200,100,700
31.69847821407416,1200,99,701
31.728283325715235,1200,98,702
31.761005932248928,1200,97,703
31.81757539949738,1200,96,704
31.860601577969312,1199,97,704
31.895841517532187,1198,98,704
31.90317865209672,1198,97,705
31.939723745469987,1197,98,705
31.940133854553327,1197,97,706
31.990720772636724,1196,98,706
31.995337735141952,1195,99,706
32.038749234277624,1194,100,706
32.05222610141388,1194,99,707
32.055802366417495,1193,100,707
32.09698672053872,1192,101,707
32.098897174965494,1191,102,707
32.13349607464502,1190,103,707
32.17882696832528,1190,102,708
32.20246561920049,1190,101,709
32.2675994803288,1190,100,710
32.27599714371451,1189,101,710
32.30680883051322,1189,100,711
32.31206449660602,1189,99,712
32.317742012663444,1188,100,712
32.35104360605014,1188,99,713
32.35456924554994,1188,98,714
32.36410303075168,1188,97,715
32.37242000137224,1187,98,715
32.40422834873674,1187,97,716
32.41137451649442,1186,98,716
32.43138823258635,1186,97,717
32.4329399565826,1186,96,718
32.435517921042575,1185,97,718
32.472054758557675,1184,98,718
32.48373580842473,1184,97,719
32.52005638318874,1184,96,720
32.55211052285417,1184,95,721
32.60574755287955,1183,96,721
32.63518210556896,1182,97,721
32.63768875422659,1181,98,721
32.64171828057628,1180,99,721
32.6490001793301,1180,98,722
32.66094030774817,1179,99,722
32.66177788771983,1178,100,722
32.71216088885664,1177,101,722
32.745961742249655,1176,102,722
32.763322428414384,1175,103,722
32.77236213973077,1175,102,723
32.797265853301,1175,101,724
32.81711605813848,1174,102,724
32.84375685662594,1173,103,724
32.84716039850061,1172,104,724
32.88731842157105,1172,103,725
32.90366520228516,1172,102,726
32.95045950617337,1171,103,726
32.980908777826976,1171,102,727
32.99097170004515,1170,103,727
32.99738172775322,1170,102,728
33.006704577510604,1169,103,728
33.06294026489388,1169,102,729
33.11322083933095,1168,103,729
33.12165170960724,1167,104,729
33.246556231468304,1167,103,730
33.2594926331761,1167,102,731
33.26284951989737,1167,101,732
33.302558869173154,1167,100,733
33.37755431679813,1167,99,734
33.37924907113073,1166,100,734
33.3828421072741,1165,101,734
33.4037950335775,1165,100,735
33.42086151552037,1165,99,736
33.489785607397515,1164,100,736
33.494889545770555,1163,101,736
33.582620086194815,1163,100,737
33.61569659369004,1162,101,737
33.644841546978945,1161,102,737
33.65717959850072,1161,101,738
33.66503333966488,1161,100,739
33.810129409059584,1160,101,739
33.81584251256513,1159,102,739
33.833865680855084,1158,103,739
33.83751341628718,1158,102,740
33.846440757214076,1157,103,740
33.85123815937437,1156,104,740
33.89119690931734,1155,105,740
33.932401656834934,1155,104,741
33.969984149980625,1154,105,741
33.97857563553623,1154,104,742
34.008293310280024,1153,105,742
34.02191560069039,1152,106,742
34.130592008336485,1152,105,743
34.163547960498505,1151,106,743
34.18757179691103,1150,107,743
34.22529700123031,1150,106,744
34.24998767012177,1149,107,744
34.286974722920846,1148,108,744
34.32212068865833,1147,109,744
34.33320324431799,1147,108,745
34.33454914569639,1146,109,745
34.33826420181953,1145,110,745
34.339048852353756,1145,109,746
34.367893956112866,1145,108,747
34.38582475170109,1144,109,747
34.395373120158034,1144,108,748
34.43493185429539,1143,109,748
34.443421647479326,1143,108,749
34.44451273270808,1143,107,750
34.46263964775357,1143,106,751
34.4733646076288,1143,105,752
34.47991662362198,1143,104,753
34.54190961384691,1143,103,754
34.54347007880992,1143,102,755
34.56337436751015,1142,103,755
34.61710271236127,1142,102,756
34.6397577866863,1141,103,756
34.677798514045925,1140,104,756
34.782135572087384,1139,105,756
34.78279092941319,1139,104,757
34.80598650431809,1138,105,757
34.82072092407307,1138,104,758
34.89083041344635,1138,103,759
34.89277136702394,1137,104,759
34.89923176018085,1136,105,759
34.94907088546107,1136,104,760
34.97331545840777,1136,103,761
35.01515824075429,1136,102,762
35.06707084705771,1136,101,763
35.08835500766566,1135,102,763
35.100199747587126,1135,101,764
35.102229334701796,1135,100,765
35.10650442223864,1135,99,766
35.1294814175294,1134,100,766
35.160418024333296,1133,101,766
35.21795776951345,1132,102,766
35.21819902247793,1131,103,766
35.24910667948559,1131,102,767
35.27580702431574,1131,101,768
35.29699891571337,1130,102,768
35.33007849781534,1130,101,769
35.37533502878278,1129,102,769
35.41699107598456,1128,103,769
35.42062831197153,1127,104,769
35.468763898611975,1127,103,770
35.48727789617212,1127,102,771
35.492231827885966,1127,101,772
35.49899961974906,1127,100,773
35.51092294711488,1126,101,773
35.542915008887135,1125,102,773
35.5763640856013,1125,101,774
35.57707317199388,1125,100,775
35.6130300232089,1124,101,775
35.634263444358474,1124,100,776
35.684247434688075,1123,101,776
35.706562575621646,1122,102,776
35.729890118209575,1121,103,776
35.74511210175895,1120,104,776
35.74884883785685,1120,103,777
35.76470513073661,1120,102,778
35.76969312714379,1119,103,778
35.80876897200698,1119,102,779
35.87821658593464,1118,103,779
36.03229558839368,1118,102,780
36.03816042557231,1117,103,780
36.050005045277956,1117,102,781
36.12322255855226,1117,101,782
36.16820820831079,1116,102,782
36.175134935286685,1116,101,783
36.18332702741452,1116,100,784
36.18860331755533,1116,99,785
36.19399781182643,1116,98,786
36.24181868578234,1116,97,787
36.247724877870496,1116,96,788
36.26556839246161,1116,95,789
36.2740471157985,1116,94,790
36.28126045891334,1116,93,791
36.32600609581986,1115,94,791
36.32634105100402,1115,93,792
36.336604047496905,1115,92,793
36.36484379624187,1114,93,793
36.448862254953255,1114,92,794
36.47045566442119,1114,91,795
36.471798628362095,1114,90,796
36.495084539569824,1114,89,797
36.50670561347381,1113,90,797
36.51755612835684,1112,91,797
36.524322733473745,1112,90,798
36.6078081309773,1111,91,798
36.65670492938705,1111,90,799
36.66171848586309,1111,89,800
36.666992759630475,1110,90,800
36.697318586274385,1110,89,801
36.703272107903395,1109,90,801
36.7120554991199,1108,91,801
36.75273679365441,1108,90,802
36.76680459927886,1108,89,803
36.77120202734679,1107,90,803
36.813749095964695,1107,89,804
36.81884112037263,1106,90,804
36.83773844420345,1105,91,804
36.865500929047165,1105,90,805
36.91874096871993,1105,89,806
36.921337910298085,1105,88,807
36.93848549893003,1104,89,807
36.96084610629757,1103,90,807
36.965895895730334,1102,91,807
36.970509630748765,1101,92,807
37.00538586320259,1101,91,808
37.02726143753292,1100,92,808
37.03326243194713,1099,93,808
37.03667595603479,1098,94,808
37.07399836865402,1097,95,808
37.07867344593563,1097,94,809
37.17123169463447,1097,93,810
37.179884451364,1096,94,810
37.23918930820994,1095,95,810
37.26180436251359,1095,94,811
37.27533028363962,1095,93,812
37.279229154333265,1094,94,812
37.28502042339715,1094,93,813
37.2966124701716,1094,92,814
37.41647541800026,1094,91,815
37.45110142308381,1093,92,815
37.47414836587274,1092,93,815
37.49327935791984,1091,94,815
37.51405145046834,1091,93,816
37.55587729554189,1091,92,817
37.56243588075614,1091,91,818
37.614254067294944,1091,90,819
37.62767828188666,1091,89,820
37.633185864731594,1091,88,821
37.63851029097908,1091,87,822
37.705050687438174,1090,88,822
37.74321779798562,1089,89,822
37.76107769788974,1088,90,822
37.76414003100796,1088,89,823
37.7782257316128,1087,90,823
37.85985525749999,1086,91,823
37.89681286766405,1086,90,824
37.898264816902916,1085,91,824
37.92376335389401,1085,90,825
37.92658996953423,1085,89,826
37.95008576640294,1084,90,826
37.96470718541799,1083,91,826
37.99534623266191,1082,92,826
38.00238742736211,1081,93,826
38.00407962808633,1081,92,827
38.032054456020994,1081,91,828
38.04705152229072,1080,92,828
38.05002086156953,1080,91,829
38.07222505916868,1079,92,829
38.157440482845935,1078,93,829
38.25019353121777,1077,94,829
38.27517843594742,1076,95,829
38.28477015059682,1075,96,829
38.28550924157479,1075,95,830
38.297817913339024,1075,94,831
38.360179428157636,1074,95,831
38.37163721730949,1073,96,831
38.401902948424826,1072,97,831
38.45981990062143,1071,98,831
38.47548971489423,1070,99,831
38.48009301514221,1069,100,831
38.51048650151171,1069,99,832
38.53924710769408,1069,98,833
38.54554920533221,1069,97,834
38.61006924441776,1068,98,834
38.681756336682824,1068,97,835
38.68720402683297,1067,98,835
38.69461446908139,1066,99,835
38.70915165385687,1065,100,835
38.73083394870779,1064,101,835
38.75700969620916,1063,102,835
38.791553658143066,1062,103,835
38.800525338030305,1062,102,836
38.80551155923804,1062,101,837
38.818477651621826,1061,102,837
38.82605472322641,1061,101,838
38.8882381073422,1061,100,839
38.95806020545,1060,101,839
38.97181558300588,1060,100,840
38.97339750604636,1059,101,840
39.0145654576848,1059,100,841
39.044423962140186,1058,101,841
39.06366824454103,1057,102,841
39.115362393848855,1057,101,842
39.115614704584175,1057,100,843
39.162306235740836,1057,99,844
39.20957403657503,1057,98,845
39.216052051198055,1057,97,846
39.2309880351496,1057,96,847
39.2346257148783,1057,95,848
39.23593684987109,1056,96,848
39.246729210379335,1055,97,848
39.278363723462306,1055,96,849
39.328351689823535,1054,97,849
39.36165254154094,1053,98,849
39.40322505191903,1053,97,850
39.41061369337349,1052,98,850
39.42871140120235,1052,97,851
39.43119901997709,1052,96,852
39.464725386788565,1051,97,852
39.52092092408433,1051,96,853
39.59607867210987,1051,95,854
39.60493130931557,1050,96,854
39.614341742740706,1050,95,855
39.62066987177929,1050,94,856
39.624966811531294,1050,93,857
39.628786677029396,1049,94,857
39.65258799433102,1048,95,857
39.66589034372252,1047,96,857
39.66865332093761,1046,97,857
39.67856919850007,1046,96,858
39.716425076915144,1046,95,859
39.73432317535471,1045,96,859
39.770277016427805,1044,97,859
39.772378839739396,1043,98,859
39.78136679575033,1042,99,859
39.781882037708954,1041,100,859
39.78881939239201,1040,101,859
39.821898711549146,1040,100,860
39.837048148788945,1040,99,861
39.860173313837635,1040,98,862
39.88308412576751,1039,99,862
39.93106394478109,1038,100,862
39.933519456590005,1037,101,862
39.94842371272828,1037,100,863
39.980568113734726,1036,101,863
39.993385018790256,1035,102,863
40.013557453559564,1035,101,864
40.02103883411897,1035,100,865
40.042492719032424,1035,99,866
40.104350708245654,1034,100,866
40.12069670037224,1033,101,866
40.12697921136029,1033,100,867
40.17885089982762,1032,101,867
40.18273225439363,1032,100,868
40.2427725180166,1032,99,869
40.25893871037711,1032,98,870
40.30208513444966,1032,97,871
40.36825434775663,1031,98,871
40.40078507456489,1031,97,872
40.43277315615209,1030,98,872
40.44021404639456,1030,97,873
40.46805683988186,1029,98,873
40.468687984541866,1029,97,874
40.47561593429193,1028,98,874
40.47790266342329,1028,97,875
40.48736032563786,1027,98,875
40.5134373499255,1027,97,876
40.51553813688023,1027,96,877
40.601195092696024,1027,95,878
40.60151259998844,1027,94,879
40.602789961761104,1026,95,879
40.60606388196491,1025,96,879
40.618127411581696,1025,95,880
40.635977520389886,1024,96,880
40.71933072814372,1024,95,881
40.801442308560155,1023,96,881
40.82687982150596,1022,97,881
40.86385245954531,1022,96,882
40.88076480378067,1021,97,882
40.88994939160711,1021,96,883
40.895228459196886,1021,95,884
40.90905991983513,1021,94,885
40.93323692792717,1020,95,885
40.957964254135405,1019,96,885
40.967243463193135,1018,97,885
40.9826421524279,1018,96,886
40.9992288851415,1018,95,887
40.99949016576916,1017,96,887
41.01163826711687,1017,95,888
41.01534158018347,1017,94,889
41.041417134524224,1017,93,890
41.08065895120136,1016,94,890
41.082167400506236,1016,93,891
41.08359406969289,1016,92,892
41.08741520585965,1015,93,892
41.0976545462752,1014,94,892
41.116798863324284,1013,95,892
41.13543374074397,1012,96,892
41.15443779632902,1012,95,893
41.154704705468156,1012,94,894
41.159384201635746,1011,95,894
41.162729732241566,1011,94,895
41.17236195855377,1010,95,895
41.177936259097436,1010,94,896
41.232314476194766,1010,93,897
41.24879355687012,1009,94,897
41.25245760688885,1009,93,898
41.288002623995816,1009,92,899
41.32181719861629,1008,93,899
41.349951575756556,1008,92,900
41.355095171080734,1008,91,901
41.36207050971937,1007,92,901
41.437090365018754,1007,91,902
41.465943076237195,1006,92,902
41.52707292527874,1005,93,902
41.527881821766016,1004,94,902
41.528413103726436,1003,95,902
41.58777758936105,1002,96,902
41.6043601857428,1001,97,902
41.62773184188464,1000,98,902
41.62810830033145,999,99,902
41.63426516447689,999,98,903
41.659386807878896,999,97,904
41.6758760188265,999,96,905
41.69043174471149,999,95,906
41.695397061102646,999,94,907
41.70121277307288,999,93,908
41.78397917940443,998,94,908
41.801638942696485,997,95,908
41.842406192367235,997,94,909
41.848744245440116,996,95,909
41.86669481857022,996,94,910
41.885131222833856,995,95,910
41.89308281603085,995,94,911
41.92887291145711,995,93,912
41.984805432350065,995,92,913
41.99870849135888,995,91,914
42.042120401780615,994,92,914
42.065822161684046,994,91,915
42.06684741688777,994,90,916
42.072059664685455,993,91,916
42.078408742408705,992,92,916
42.1274712805866,991,93,916
42.150517653462266,991,92,917
42.194681398818105,990,93,917
42.23458429177051,989,94,917
42.29052752242547,989,93,918
42.40084508201891,988,94,918
42.43916869055167,987,95,918
42.45065297748041,987,94,919
42.50084955578218,987,93,920
42.50646454818355,987,92,921
42.52678173868972,987,91,922
42.531836257761924,986,92,922
42.54884079116021,986,91,923
42.560092115023885,986,90,924
42.56429009494259,986,89,925
42.59611006973156,986,88,926
42.59618532180216,986,87,927
42.61218336445025,986,86,928
42.63184870260562,986,85,929
42.63334306438125,986,84,930
42.68056851852824,985,85,930
42.69616072982455,985,84,931
42.71067078009368,985,83,932
42.71998203024697,984,84,932
42.79967404592064,983,85,932
42.84182519546504,983,84,933
42.95062843421524,983,83,934
42.97103554191025,982,84,934
42.986949411279525,982,83,935
42.98893878741557,981,84,935
43.006460432341235,981,83,936
43.02382159707628,981,82,937
43.05337170173397,981,81,938
43.059178361525944,980,82,938
43.14407159515417,980,81,939
43.236347564672236,980,80,940
43.24068745785126,980,79,941
43.243275330906435,979,80,941
43.34655979065258,979,79,942
43.36300094002075,979,78,943
43.378194269124066,979,77,944
43.39305334767775,978,78,944
43.42033206123732,977,79,944
43.501329873880564,976,80,944
43.52851953498655,975,81,944
43.535282266899934,975,80,945
43.59221826042872,975,79,946
43.65363880628607,974,80,946
43.663837479960726,973,81,946
43.730143978193574,972,82,946
43.73868007376068,971,83,946
43.83813791221787,970,84,946
43.86884656201425,969,85,946
43.944689638152354,969,84,947
43.960293228613274,969,83,948
43.96080931436972,969,82,949
44.06082578796427,969,81,950
44.06792313044168,968,82,950
44.07395456588398,968,81,951
44.07980850738869,968,80,952
44.08295071280194,967,81,952
44.091108521226104,966,82,952
44.091669660109815,966,81,953
44.103038731288976,966,80,954
44.19372541563049,966,79,955
44.216623109942645,966,78,956
44.24548957616071,966,77,957
44.26794842705542,965,78,957
44.29801123295956,965,77,958
44.30835137142977,965,76,959
44.377596837768294,965,75,960
44.41136070139955,965,74,961
44.41878442286293,964,75,961
44.419264943541876,963,76,961
44.439692901720136,962,77,961
44.44705421901912,961,78,961
44.484373235992805,960,79,961
44.49372085498109,960,78,962
44.49749330236083,959,79,962
44.52236026951624,958,80,962
44.546678136858674,958,79,963
44.618352831262484,957,80,963
44.66481140115694,957,79,964
44.685183889335136,957,78,965
44.76333750479609,957,77,966
44.770363796666764,956,78,966
44.77720839452632,956,77,967
44.777493408549816,955,78,967
44.78344763582446,955,77,968
44.81212340050783,955,76,969
44.852696302056444,954,77,969
44.92725253644528,954,76,970
44.93618473026273,954,75,971
44.94435225623853,953,76,971
45.04432072635181,952,77,971
45.09204180402002,952,76,972
45.10049054089958,951,77,972
45.10427884984746,951,76,973
45.155826194400845,951,75,974
45.18550740411161,950,76,974
45.21928677888793,950,75,975
45.26030002540578,950,74,976
45.35143043167012,950,73,977
45.37515963256029,949,74,977
45.40167505238552,949,73,978
45.42590269129886,949,72,979
45.479584197663925,949,71,980
45.50522232912909,949,70,981
45.539731731168736,948,71,981
45.561221407593656,948,70,982
45.56890597440766,948,69,983
45.611364892185456,947,70,983
45.66003904766482,947,69,984
45.70638841349713,947,68,985
45.7104303696149,946,69,985
45.72485165110697,945,70,985
45.74564632670105,945,69,986
45.757762331670534,945,68,987
45.77349759791398,945,67,988
45.788339955649626,944,68,988
45.78937896434637,943,69,988
45.79490995601048,943,68,989
45.848893483072175,943,67,990
45.87041299582619,943,66,991
45.90696752246476,943,65,992
45.92153732025419,942,66,992
45.93263002373111,942,65,993
45.94684568850467,942,64,994
46.08737470147974,941,65,994
46.101447152455144,941,64,995
46.1436581661685,940,65,995
46.19223495268588,940,64,996
46.24260430359439,939,65,996
46.28322598009763,939,64,997
46.3173043603973,939,63,998
46.32933149339156,939,62,999
46.42429113991827,938,63,999
46.48951968870724,937,64,999
46.492523041080624,937,63,1000
46.51816844280325,936,64,1000
46.53446142945485,936,63,1001
46.65290078743185,936,62,1002
46.66916257602119,935,63,1002
46.71846973888561,935,62,1003
46.73975161769297,934,63,1003
46.77414003850404,933,64,1003
46.83115795773663,933,63,1004
46.89596970975078,933,62,1005
47.06810583195347,932,63,1005
47.078244216971875,932,62,1006
47.15498722331619,932,61,1007
47.21389093001566,931,62,1007
47.225456740650806,931,61,1008
47.2675755257018,931,60,1009
47.37008741659604,931,59,1010
47.40964144899747,930,60,1010
47.42393171925991,929,61,1010
47.43323941870675,929,60,1011
47.43551633564363,928,61,1011
47.466866827905086,928,60,1012
47.548349124315976,928,59,1013
47.55043263408268,928,58,1014
47.58006503810806,928,57,1015
47.64871235592543,928,56,1016
47.74381725744279,928,55,1017
47.801997965323466,927,56,1017
47.90115857455578,927,55,1018
47.91294060291879,926,56,1018
47.919837333454005,926,55,1019
47.92957924033924,926,54,1020
47.97516525258747,925,55,1020
47.989321154538985,924,56,1020
48.00615909917012,924,55,1021
48.09768552430607,924,54,1022
48.10733373195586,924,53,1023
48.13330708201161,924,52,1024
48.13572317821256,924,51,1025
48.14724556806904,923,52,1025
48.14872790842294,923,51,1026
48.291682667837364,922,52,1026
48.31861038532461,921,53,1026
48.33757146209086,921,52,1027
48.36471232433247,921,51,1028
48.36881618081388,920,52,1028
48.38514225220002,919,53,1028
48.44544341171196,918,54,1028
48.44902652248865,918,53,1029
48.56892795891795,918,52,1030
48.56934335197127,917,53,1030
48.64262184396605,916,54,1030
48.65099102215495,916,53,1031
48.66164577003418,916,52,1032
48.68085676317926,916,51,1033
48.69968956714338,915,52,1033
48.76126969545163,914,53,1033
48.77700860129659,914,52,1034
48.78193045548177,913,53,1034
48.80134024827721,913,52,1035
48.801474268294236,913,51,1036
48.81808302817167,912,52,1036
48.8247832114664,911,53,1036
48.86949459019075,911,52,1037
48.96110237546763,910,53,1037
48.98632704804357,909,54,1037
48.98784979340019,909,53,1038
49.01559335607523,909,52,1039
49.04802393757281,908,53,1039
49.04981340822428,908,52,1040
49.0975196474481,908,51,1041
49.14958336626811,907,52,1041
49.25224676790699,907,51,1042
49.33168095375656,906,52,1042
49.37488315399139,906,51,1043
49.477013292235924,905,52,1043
49.504716472748115,905,51,1044
49.55868181839398,904,52,1044
49.67462375764227,903,53,1044
49.68035674948665,903,52,1045
49.778916969899534,903,51,1046
49.80964556975518,903,50,1047
49.94021189810315,902,51,1047
49.966369958243256,901,52,1047
49.967254005570574,901,51,1048
49.98413573590166,901,50,1049
49.99516637580962,901,49,1050
50.012314097388426,901,48,1051
50.03498426127424,900,49,1051
50.100964200300645,899,50,1051
50.10866305666115,899,49,1052
50.14744507966288,898,50,1052
50.15577953062017,898,49,1053
50.20574464444752,897,50,1053
50.24189977153768,897,49,1054
50.25776439118107,896,50,1054
50.295950117455654,895,51,1054
50.421284282281476,895,50,1055
50.51120888486274,894,51,1055
50.52613185728982,893,52,1055
50.53138753468103,893,51,1056
50.56032501044604,893,50,1057
50.6065817402066,893,49,1058
50.63759132694895,892,50,1058
50.70597088596403,891,51,1058
50.71203867303003,890,52,1058
51.051592764448166,890,51,1059
51.161737117428906,890,50,1060
51.24402787954414,889,51,1060
51.281246700724815,889,50,1061
51.29015002359468,888,51,1061
51.31068037564472,888,50,1062
51.323853461872446,888,49,1063
51.33309661938851,887,50,1063
51.38110104199804,887,49,1064
51.39866168000798,886,50,1064
51.45150833348914,885,51,1064
51.492466260950636,885,50,1065
51.55619786342172,885,49,1066
51.58193289678356,885,48,1067
51.62910882971308,885,47,1068
51.66476897429079,884,48,1068
51.70682097606479,884,47,1069
51.82865577572759,883,48,1069
51.91391659375154,883,47,1070
51.98768144798247,882,48,1070
52.06802047087512,882,47,1071
52.08561115268333,881,48,1071
52.134033262241395,881,47,1072
52.16153766906593,881,46,1073
52.16302946260377,881,45,1074
52.24772800651214,881,44,1075
52.25462092610119,880,45,1075
52.387784917917095,880,44,1076
52.49512357418418,880,43,1077
52.602554565377055,880,42,1078
52.60725509888749,880,41,1079
52.60940725203519,880,40,1080
52.80457983331064,880,39,1081
52.82654839333825,879,40,1081
52.85244672264444,878,41,1081
52.869569816280794,878,40,1082
52.91104597488766,878,39,1083
52.97729929011056,878,38,1084
52.98155853948595,877,39,1084
52.982989340726654,877,38,1085
52.9955109652706,877,37,1086
53.0024222469663,876,38,1086
53.01138248839234,876,37,1087
53.02293932353623,876,36,1088
53.123867689260365,876,35,1089
53.25722562332842,875,36,1089
53.33107496291241,875,35,1090
53.394469024776335,875,34,1091
53.54228850172964,874,35,1091
53.64185966113564,873,36,1091
53.6425480373856,873,35,1092
53.72506201917603,872,36,1092
53.768626369328665,872,35,1093
53.86040059854568,872,34,1094
53.86124553621663,871,35,1094
53.94759523296522,871,34,1095
53.95505457770066,871,33,1096
53.967915958376345,870,34,1096
54.00026890468895,869,35,1096
54.07848434335814,868,36,1096
54.0825437517809,868,35,1097
54.11534313000184,868,34,1098
54.14685688861778,868,33,1099
54.172333901479696,867,34,1099
54.17807420954033,867,33,1100
54.19548924067387,867,32,1101
54.21414347241395,867,31,1102
54.25441435136676,866,32,1102
54.268079651700624,865,33,1102
54.27186809849749,864,34,1102
54.3064974502599,863,35,1102
54.45435609305954,862,36,1102
54.52524647196158,862,35,1103
54.731781325814815,862,34,1104
54.73206794090681,861,35,1104
54.780919990609476,861,34,1105
54.80334161379277,861,33,1106
54.82627410587688,860,34,1106
54.997157490077804,860,33,1107
55.00183888322501,859,34,1107
55.0125270253795,859,33,1108
55.11014601064968,859,32,1109
55.112651081817695,859,31,1110
55.17463484082202,859,30,1111
55.291557739133395,858,31,1111
55.53002708515091,857,32,1111
55.723638903626146,857,31,1112
55.81276256923024,856,32,1112
55.85000985956985,856,31,1113
55.87604421283562,855,32,1113
55.89068607104251,854,33,1113
55.90860294517494,853,34,1113
55.9416679010733,852,35,1113
56.050809148426524,851,36,1113
56.09072309224241,851,35,1114
56.149472673010195,851,34,1115
56.27011438087172,850,35,1115
56.347260267149984,850,34,1116
56.4634852258813,849,35,1116
56.484849188268676,848,36,1116
56.71429223004916,847,37,1116
56.8118979633569,846,38,1116
56.87653839194135,846,37,1117
56.90146508171866,845,38,1117
57.015010405283974,844,39,1117
57.06883522984515,844,38,1118
57.088841355311615,843,39,1118
57.14758670698203,843,38,1119
57.14865868667292,843,37,1120
57.22987977851866,842,38,1120
57.24686524844029,841,39,1120
57.27002708001911,841,38,1121
57.34121907862676,840,39,1121
57.37407114139841,839,40,1121
57.39537228677376,838,41,1121
57.40533709563703,838,40,1122
57.4209479425019,837,41,1122
57.65236578495119,837,40,1123
57.66193541767523,836,41,1123
57.669322449130185,836,40,1124
57.76897192912561,835,41,1124
57.77111946948575,834,42,1124
57.78377205677457,834,41,1125
57.811864949732616,833,42,1125
57.82383673295046,833,41,1126
58.0532318983533,832,42,1126
58.189474999226256,832,41,1127
58.39907981321324,832,40,1128
58.426155765620614,832,39,1129
58.45206012498982,832,38,1130
58.51396089089278,832,37,1131
58.5679817375328,831,38,1131
58.57122821892991,830,39,1131
58.70873269883729,830,38,1132
58.72051023227168,829,39,1132
58.80528625319475,829,38,1133
58.80999800893401,829,37,1134
58.88776187775813,829,36,1135
58.917230337306115,829,35,1136
58.949571570807905,828,36,1136
59.00435501548306,828,35,1137
59.11571883200839,828,34,1138
59.18445514811638,828,33,1139
59.34406275420752,828,32,1140
59.348631364298996,828,31,1141
59.382627784870586,827,32,1141
59.437844743735425,826,33,1141
59.45254926041852,825,34,1141
59.62061113047503,825,33,1142
59.65573323797229,824,34,1142
59.778258977731085,823,35,1142
59.789908985244736,823,34,1143
60.10935768850615,823,33,1144
60.28406081779677,823,32,1145
60.38077698529103,823,31,1146
60.38405493305129,822,32,1146
60.407911141380424,822,31,1147
60.449490324778225,822,30,1148
60.600380330154465,822,29,1149
60.84662904397029,822,28,1150
60.96106030817666,821,29,1150
61.05844596564792,820,30,1150
61.13532394677353,820,29,1151
61.2237969745955,819,30,1151
61.235474522733966,819,29,1152
61.251279900900975,819,28,1153
61.25970064726806,818,29,1153
61.413862183346566,818,28,1154
61.489199909691656,818,27,1155
61.60135724687146,818,26,1156
61.66673765243152,817,27,1156
61.7062440521963,816,28,1156
61.757667454567446,815,29,1156
61.77764548849556,814,30,1156
61.781468390538166,813,31,1156
61.82486127157161,813,30,1157
61.86509204547926,812,31,1157
61.89105834548781,811,32,1157
61.891764517890486,811,31,1158
61.916565390479256,811,30,1159
61.97497900484342,811,29,1160
61.98992783722455,810,30,1160
62.013462176639145,810,29,1161
62.108875637009575,810,28,1162
62.17658948863687,810,27,1163
62.27987773588657,809,28,1163
62.28704641684707,809,27,1164
62.52037696603547,808,28,1164
62.52950724716482,808,27,1165
62.62173563188646,807,28,1165
62.82444783590149,807,27,1166
62.8674985403941,807,26,1167
62.89352588999377,807,25,1168
62.93807219565359,807,24,1169
63.064440936390525,807,23,1170
63.28454556203994,807,22,1171
63.51508503638586,806,23,1171
63.54562138627086,806,22,1172
63.58381990564906,805,23,1172
63.60661505491636,805,22,1173
63.75999613399023,804,23,1173
63.85547963060452,804,22,1174
63.89992323435689,804,21,1175
64.02112206018678,804,20,1176
64.17553449694161,803,21,1176
64.22831645720615,802,22,1176
64.32354874111216,802,21,1177
64.5885408675461,802,20,1178
64.80154057980711,802,19,1179
64.93877044788695,801,20,1179
65.02127000433983,801,19,1180
65.15908894768422,801,18,1181
65.1796029133746,801,17,1182
65.21216703284611,801,16,1183
65.2604788519808,800,17,1183
65.302368909676,799,18,1183
65.44640499765896,799,17,1184
65.57440308575303,799,16,1185
65.65078567174055,798,17,1185
65.78211379412643,798,16,1186
65.87807312906374,798,15,1187
65.9198451829273,797,16,1187
66.0110867302786,797,15,1188
66.42969493782194,797,14,1189
66.44189371898796,797,13,1190
66.73773194959162,796,14,1190
66.90408905941571,796,13,1191
66.95964875577528,796,12,1192
67.15525662175531,795,13,1192
67.16872702086386,794,14,1192
67.48195550219086,793,15,1192
67.53635310774344,793,14,1193
67.54958650379436,793,13,1194
67.5873361825102,792,14,1194
67.80730345735059,791,15,1194
67.84386812835022,791,14,1195
68.05316258232564,791,13,1196
68.15392749543695,791,12,1197
68.49069485949946,791,11,1198
68.49424373204465,791,10,1199
68.576432242033,791,9,1200
68.68493382385653,791,8,1201
69.3836491341921,790,9,1201
69.89772073628671,790,8,1202
70.48013288241928,790,7,1203
70.84643401602281,789,8,1203
71.0792796035163,789,7,1204
72.78920215373333,789,6,1205
74.09628461208695,788,7,1205
74.42493248583165,788,6,1206
74.72685110474663,787,7,1206
75.34113655520635,786,8,1206
75.4563194314424,785,9,1206
75.70977975965035,784,10,1206
75.73819363068563,783,11,1206
75.8816425649291,783,10,1207
75.90306713558756,782,11,1207
76.51538190246488,782,10,1208
76.7694089297243,782,9,1209
76.82844646507564,781,10,1209
76.87252817341141,780,11,1209
76.94895217036422,780,10,1210
77.0251818761029,779,11,1210
77.13817003843644,779,10,1211
77.40206399963327,778,11,1211
77.47859744213105,778,10,1212
77.76930305587396,777,11,1212
78.41317940481484,776,12,1212
78.64607652180445,776,11,1213
78.72647451740116,776,10,1214
78.80062208397796,776,9,1215
79.48964852452781,775,10,1215
79.59723687837494,774,11,1215
79.70973922071752,774,10,1216
79.80208686886526,774,9,1217
79.92139840642652,774,8,1218
80.1777564610186,774,7,1219
80.34555843283624,773,8,1219
80.35087592680377,773,7,1220
80.8578478825109,773,6,1221
80.98791319223598,772,7,1221
81.35960550349748,771,8,1221
81.40867092743218,770,9,1221
81.43737111194412,770,8,1222
81.99293207470663,769,9,1222
82.31284530309102,769,8,1223
82.45323965278077,769,7,1224
82.5863732269358,768,8,1224
82.6195682082295,768,7,1225
82.86256848463375,767,8,1225
82.98765197767013,766,9,1225
83.35935067505551,766,8,1226
83.38167102335454,765,9,1226
83.56037709438965,764,10,1226
83.84692806033509,764,9,1227
83.97106910363621,763,10,1227
83.97982442953598,763,9,1228
84.42727103832783,763,8,1229
84.48382682954919,762,9,1229
84.92187807545204,761,10,1229
85.14657038917098,761,9,1230
85.28916809308247,760,10,1230
85.47960517383707,760,9,1231
85.59226888713842,760,8,1232
86.68219388566403,760,7,1233
87.37756796100827,760,6,1234
88.82121418247209,760,5,1235
89.39390829385324,759,6,1235
89.48732032140867,758,7,1235
89.49581278324813,757,8,1235
89.62638964051612,757,7,1236
89.7283382808957,757,6,1237
90.1303794391423,756,7,1237
90.24429318603106,755,8,1237
90.48709216288702,755,7,1238
90.70087772445451,755,6,1239
91.8495003120002,754,7,1239
91.97381408283142,753,8,1239
92.99896021110575,753,7,1240
93.83862588809454,752,8,1240
93.90484899017423,752,7,1241
94.14210719638828,752,6,1242
94.5859057478899,751,7,1242
94.61764119021228,750,8,1242
95.54851740438588,749,9,1242
95.61965336363866,749,8,1243
96.26337812887729,749,7,1244
96.29796077760552,749,6,1245
97.31705253141087,748,7,1245
97.45446725786742,747,8,1245
97.45479346668458,746,9,1245
97.67981197848445,745,10,1245
97.71916924881566,745,9,1246
97.760167775888,744,10,1246
97.83762203075426,743,11,1246
98.03128167576034,743,10,1247
98.09725289990624,743,9,1248
98.35649926278923,742,10,1248
98.37778563576478,741,11,1248
98.37793905300195,741,10,1249
98.92869877842709,740,11,1249
99.2620784956791,740,10,1250
99.71812332791126,740,9,1251
100.45253986888746,739,10,1251
100.45823350556208,739,9,1252
100.58019146061612,739,8,1253
101.14613801124102,739,7,1254
101.42656038913746,739,6,1255
101.69118516365378,739,5,1256
102.51394800963055,738,6,1256
102.7398005855468,738,5,1257
102.83433251449287,738,4,1258
103.00165564991782,738,3,1259
103.1531304857739,738,2,1260
105.66372949541856,738,1,1261
109.94145613244824,738,0,1262
